user,book
biblioroz,/livres/Xinran-Lenfant-unique/803169
biblioroz,/livres/Nordquist-Celui-qui-a-vu-la-foret-grandir/1497586
biblioroz,/livres/Chapsal-Mere-et-filles/21258
biblioroz,/livres/Wheatle-Les-guerriers-de-la-canamelle/1561890
biblioroz,/livres/Kauffmann-La-maison-du-retour/20810
biblioroz,/livres/Yoshimura-Le-Convoi-de-leau/115790
biblioroz,/livres/Bourdin-Sans-regrets/122164
biblioroz,/livres/Baum-Solitude-Ulle/341684
biblioroz,/livres/Maurier-La-Maison-sur-le-rivage/11877
biblioroz,/livres/Perry-Charlotte-Ellison-et-Thomas-Pitt-tome-31--Latten/826635
biblioroz,/livres/Huth-Un-fils-exemplaire/18091
biblioroz,/livres/Vaxelaire-Les-naufrages-de-la-Cigale/1252064
biblioroz,/livres/Lawson-Des-ames-consolees/1393656
biblioroz,/livres/Goscinny-Asterix-tome-14--Asterix-en-Hispanie/17546
biblioroz,/livres/Buzzati-Barnabo-des-montagnes-suivi-de-Le-Secret-du-Bosco-/1588583
biblioroz,/livres/Hamsun-Sous-letoile-dautomne/54463
biblioroz,/livres/Mawer-Le-palais-de-verre/376938
biblioroz,/livres/Adichie-Autour-de-ton-cou/1237582
biblioroz,/livres/Lafon-Nos-vies/961097
biblioroz,/livres/Forster-Avec-vue-sur-lArno/1399215
biblioroz,/livres/Belmehdi-A-votre-service/1572507
biblioroz,/livres/Zola-Les-Rougon-Macquart-tome-19--La-Debacle/911674
biblioroz,/livres/Upfield-La-Maison-malefique/8091
biblioroz,/livres/Benson-Mapp-Lucia-Integrale-tome-1/897807
biblioroz,/livres/Benson-Miss-Mapp/788587
biblioroz,/livres/Byatt-Le-sucre-et-autres-recits/364168
biblioroz,/livres/Peyramaure-La-vallee-des-mammouths/18797
biblioroz,/livres/Fottorino-Mohican/1329551
biblioroz,/livres/Dhotel-Ce-jour-la/367795
biblioroz,/livres/Chandler-Philip-Marlowe--La-Petite-Soeur-Fais-pas-ta-rosi/253832
biblioroz,/livres/Vargas-Un-peu-plus-loin-sur-la-droite/5126
biblioroz,/livres/Roth-Indignation/191469
biblioroz,/livres/Makine-Confession-dun-porte-drapeau-dechu/33342
biblioroz,/livres/Wilkins-Ces-montagnes-a-jamais/1328352
biblioroz,/livres/Frain-Sorti-de-rien/526476
biblioroz,/livres/Simenon-Le-Testament-Donadieu/116048
ssstella,/livres/Garrido-Le-jardin-des-enigmes/1528577
ssstella,/livres/Bourdin-Au-nom-du-pere/698463
ssstella,/livres/Laurens-Fille/1206690
ssstella,/livres/Hawkins-La-Fille-du-train/679449
kittiwake,/livres/Rufin-Dor-et-de-jungle/1599225
kittiwake,/livres/Bouysse-pre-monde/1617325
kittiwake,/livres/Jaegle-LAmi-du-Prince/1628890
kittiwake,/livres/Ozeki-Le-temps-dun-visage/1641020
kittiwake,/livres/Trope-La-Mere-au-foyer/1639581
kittiwake,/livres/Gracia-Nous-netions-pas-des-tendres/1606187
kittiwake,/livres/Roux-La-maison-de-jeu/1583734
kittiwake,/livres/Charrel-La-Fille-de-Lake-Placid/1587328
kittiwake,/livres/Privat-Toxiques/1640130
kittiwake,/livres/Priest-Le-monde-inverti/9018
kittiwake,/livres/Boissard-Camille-va-aux-anniversaires/1638526
kittiwake,/livres/Hvring-Histoire-de-Froeude/1617344
kittiwake,/livres/Pastureau-Navarre/1599400
kittiwake,/livres/Vendel-Solal-ou-la-chute-des-corps/1583884
kittiwake,/livres/Lichtenberg-La-Roche/1577046
kittiwake,/livres/Malzac-Creatine/1545940
kittiwake,/livres/Lebrun-La-bagarre-/1622510
kittiwake,/livres/Guerra-Rapatriement/1588411
kittiwake,/livres/Sibony-Marguerite-et-le-mont-Blanc/1596718
kittiwake,/livres/Mal-LInuite/1595022
kittiwake,/livres/McAllister-Apres-minuit/1464063
kittiwake,/livres/Ellory-Au-nord-de-la-frontiere/1600321
kittiwake,/livres/Hood-LHeure-du-retour/1615477
kittiwake,/livres/Gary-Au-dela-de-cette-limite-votre-ticket-nest-plus-va/4033
kittiwake,/livres/Dicker-Un-animal-sauvage/1603007
kittiwake,/livres/Jonasson-Dernier-gueuleton-avant-la-fin-du-monde/1561108
kittiwake,/livres/Menasse-Les-Silences-de-Dunkelblum/1624921
kittiwake,/livres/Read-Va-ou-la-riviere-te-porte/1613939
kittiwake,/livres/Mijeon-Impasse-de-lhorizon/1626530
kittiwake,/livres/Cayre-Les-Doigts-coupes/1600892
kittiwake,/livres/McCurdy-Genial-ma-mere-est-morte-/1599300
kittiwake,/livres/Bouix-Tout-est-sous-controle/1583750
kittiwake,/livres/Bonnot-Place-du-Paradis/1584629
kittiwake,/livres/Bastard-Filumena/1628580
kittiwake,/livres/Boismorel-La-Fin-du-sommeil/1604488
kittiwake,/livres/Bailly-Parfois-lhomme/1596750
kittiwake,/livres/Page-La-collectionneuse-de-secrets/1616694
kittiwake,/livres/Anton-Le-Nain-de-Whitechapel/1602542
kittiwake,/livres/Bleumalt-Garcon-fini/1612410
kittiwake,/livres/Fayolle-Du-meme-bois/1545939
kittiwake,/livres/Claro-Lechec--Comment-echouer-mieux/1584441
kittiwake,/livres/Pirotte-Flamboyant-crepuscule-dune-vieille-conformiste/1570185
kittiwake,/livres/Hamsun-Mysteres/94120
kittiwake,/livres/Papillon-La-Conjuration-de-Dante/1597643
kittiwake,/livres/Hadj-Limpossible-retour/1584403
kittiwake,/livres/Kishi-La-Maison-noire/1595491
kittiwake,/livres/Kingsolver-On-mappelle-Demon-Copperhead/1581508
kittiwake,/livres/Coulon-La-langue-des-choses-cachees/1580952
kittiwake,/livres/Pontgelard-Une-si-moderne-solitude/1586904
kittiwake,/livres/Leridon-La-Fille-de-la-bande/1598813
kittiwake,/livres/Davodeau-Loire/1525597
kittiwake,/livres/Loubiere-Obsolete/1595142
kittiwake,/livres/Fleury-Le-Ciel-en-sa-fureur/1553742
kittiwake,/livres/Le-Corre-Qui-apres-nous-vivrez/1553629
kittiwake,/livres/Austen-Mansfield-Park/3737
kittiwake,/livres/Bordacarre-La-Disparition-dHerve-Snout/1553630
kittiwake,/livres/Varenne-Boulette/1594724
kittiwake,/livres/Huon-Le-Gardien-sans-sommeil/1592652
kittiwake,/livres/Laviolette-Theodore/1592439
kittiwake,/livres/Lefebvre-II-La-conjecture-des-hirondelles-tome-2/1533795
kittiwake,/livres/Moulliac-La-descente-a-la-plage/1571983
kittiwake,/livres/Trautsolt-Pour-la-peau-de-Shirley-Page/1588050
kittiwake,/livres/Goux-Extreme-paradis/1592622
kittiwake,/livres/Gilmour-Premieres-plumes/1590107
kittiwake,/livres/Fuller-Terre-fragile/1586393
kittiwake,/livres/Dup-Je-suis-fait-de-leur-absence/1583298
kittiwake,/livres/Bulle-Basses-terres/1584592
kittiwake,/livres/Falisse-Seuls-les-fantomes/1576246
kittiwake,/livres/Castaner-Mai-et-Mouna/1596608
kittiwake,/livres/Arlidge-Quand-le-chat-nest-pas-la/1583944
Ancolie,/livres/Shutterberg-La-Nuit-des-fous/1570161
Ancolie,/livres/Kingsolver-On-mappelle-Demon-Copperhead/1581508
Ancolie,/livres/Marcolongo-Le-gout-du-risque/1542832
Ancolie,/livres/Oates-Babysitter/1516669
Ancolie,/livres/Pirotte-Flamboyant-crepuscule-dune-vieille-conformiste/1570185
Ancolie,/livres/Isaure-Memoires-dune-femme-de-menage/335668
Ancolie,/livres/Foenkinos-Les-coeurs-autonomes/32264
Ancolie,/livres/Yse-Mise-a-feu/1334662
Ancolie,/livres/Fouchet--ladresse-du-bonheur/1387245
Ancolie,/livres/Riley-Les-Sept-soeurs-tome-1--Maia/1165575
Ancolie,/livres/Bonini-Cargo-Paradis/1565156
Ancolie,/livres/Beauvais-tre-mere/1633845
Ancolie,/livres/Stresi-Des-lendemains-qui-chantent/1468486
Ancolie,/livres/Jousselin-La-geometrie-des-possibles/1594251
Ancolie,/livres/Geni-Zoomania/1228754
Ancolie,/livres/Snmez-La-Pierre-et-lOmbre/1560303
Ancolie,/livres/Ellis-Meche-et-le-monde-secret-des-Hobs/1580818
Ancolie,/livres/Renard-La-Colere-et-lEnvie/1535571
Ancolie,/livres/Koenig-Humus/1505574
Ancolie,/livres/Thevenot-Mille-Pertuis-tome-1--La-sorciere-sans-nombril/1507797
Ancolie,/livres/Besson-Un-soir-dete/1577970
Ancolie,/livres/Colin-viter-les-peages/715845
Ancolie,/livres/Ferey-Ils-sont-venus-du-froid/1403980
Ancolie,/livres/Hillier-Les-Contemplees/1449367
Ancolie,/livres/Adam-Mon-cur-en-cendres/1515815
Ancolie,/livres/Cixin-Boule-de-foudre/1169042
Ancolie,/livres/Colin-Les-Dragons/1524275
Ancolie,/livres/Nothomb-Psychopompe/1529634
Ancolie,/livres/Powers-Siderations/1329564
Ancolie,/livres/Erdrich-La-Sentence/1525247
Ancolie,/livres/Saussey-Ce-quil-faut-de-haine/1545593
Ancolie,/livres/Ogawa-Le-Gouter-du-lion/1424255
Ancolie,/livres/Brun-Arnaud-Memoires-de-la-foret-tome-1--Les-souvenirs-de-Fer/1480473
Ancolie,/livres/Gaude-Chien-51/1425651
Ancolie,/livres/da-Empoli-Le-mage-du-Kremlin/1401900
Ancolie,/livres/Medeline-Lange-rouge/1254695
Ancolie,/livres/Katz-Le-Puits-des-memoires-Tome-2--Le-Fils-de-la-lune/403266
Ancolie,/livres/Katz-Le-puits-des-memoires-tome-1--La-traque/364152
Ancolie,/livres/Fel-Malgre-toute-ma-rage/1518363
Ancolie,/livres/Bondoux-Nous-traverserons-des-orages/1512810
Ancolie,/livres/Harrow-Le-Temps-des-sorcieres/1449217
Ancolie,/livres/Sinno-Triste-tigre/1546114
Myriam3,/livres/Huston-Choses-dites/1563475
Myriam3,/livres/Kerouac-Sur-le-chemin/1554908
Myriam3,/livres/Hall-Soeurs-dans-la-guerre/1323960
Myriam3,/livres/Damasio-Vallee-du-silicium/1593405
Myriam3,/livres/Lahoche-La-vie-est-une-corvee/1489683
Myriam3,/livres/Dorion-Coeurs-comme-livres-damour/1559079
Myriam3,/livres/Umubyeyi-Mairesse-Tous-tes-enfants-disperses/1156154
Myriam3,/livres/Chambon-Ma-famille-imaginaire/1574421
Myriam3,/livres/Manara-Le-Nom-de-la-rose-tome-1/1545335
Myriam3,/livres/Mohebali-Teheran-Trip/1451083
Myriam3,/livres/Rooney-Normal-People/1060545
Myriam3,/livres/Diaz-Trust/1522721
Myriam3,/livres/Davodeau-Loire/1525597
Myriam3,/livres/Sekiguchi-Ce-nest-pas-un-hasard/281566
Myriam3,/livres/Pyun-La-foret-de-lOuest/1014535
Myriam3,/livres/Zola-Les-Rougon-Macquart-tome-1--La-fortune-des-Rougon/891943
Myriam3,/livres/Erdrich-La-Sentence/1525247
Myriam3,/livres/Motin-La-tectonique-des-plaques/451779
Myriam3,/livres/Sachs-Partage-toi-nuit-precede-deToute-poussiere-abol/346664
Myriam3,/livres/Grass-Le-tambour/1389566
Myriam3,/livres/Gordimer-Fille-de-Burger/398055
Myriam3,/livres/Hemingway-Les-neiges-du-Kilimandjaro-suivi-de-Dix-indiens/37701
Myriam3,/livres/Amis-Experience/62594
Myriam3,/livres/Hein-Riambel/1433514
Myriam3,/livres/Dillard-Billets-pour-un-moulin-a-prieres/1244282
Myriam3,/livres/Rowling-Harry-Potter-tome-3--Harry-Potter-et-le-prisonnie/4990
Myriam3,/livres/Caplat-Deux-mains-dans-la-terre/1372571
Myriam3,/livres/Abbey-Le-gang-de-la-clef-a-molette-Ne-meurs-pas-o-mon-d/905033
Myriam3,/livres/Synge-Les-iles-Aran/56134
Myriam3,/livres/Hamsun-Victoria/78182
Myriam3,/livres/Canetti-La-langue-sauvee/150775
Myriam3,/livres/Belamri-Regard-blesse/240699
Myriam3,/livres/Tagore-LOffrande-lyrique-La-Corbeille-de-fruits-/51232
Myriam3,/livres/Carroll-Alice-au-pays-des-merveilles/3085
Myriam3,/livres/Pineau-La-vie-privee-doubli/1592754
Myriam3,/livres/Galic-Fukushima--Chronique-dun-accident-sans-fin/1291852
Myriam3,/livres/Boublil-Body-Blues--Un-secret/714057
Myriam3,/livres/Auster-La-nuit-de-loracle/6905
Myriam3,/livres/Dupont-Kiss-the-Sky-tome-1/1407392
Myriam3,/livres/Undset-Christine-Lavransdatter-tome-3--La-croix/112706
Myriam3,/livres/Rabhi-Vers-la-sobriete-heureuse/173558
Myriam3,/livres/Undset-Christine-Lavransdatter-tome-2--La-maitresse-de-H/442394
Myriam3,/livres/Lang-LAmour-en-equation-tome-1--Dans-la-bulle-dmili/1556763
Myriam3,/livres/Fleutiaux-Destiny/831074
Myriam3,/livres/Undset-Christine-Lavransdatter-tome-1--La-couronne/287876
Myriam3,/livres/Hamilton-Tous-les-petits-animaux/16093
Myriam3,/livres/Witek-Mauvise-connexion/408737
Myriam3,/livres/Ose-Plutot-nourrir--Lappel-dune-eleveuse/1445494
enisab,/livres/Gudmundsson-Le-testament-des-gouttes-de-pluie/108054
enisab,/livres/Qaderi-Danser-dans-la-mosquee/1425691
enisab,/livres/Buzzati-Le-K/10782
enisab,/livres/Bouzard-Tinquiete/1592610
enisab,/livres/Capizzano-Le-ventre-de-la-peniche/1430004
enisab,/livres/Wauters-Le-musee-des-contradictions/1398952
enisab,/livres/Meurice-Dans-loreille-du-cyclone/1621630
enisab,/livres/Radice-Le-Beau-Parleur/1578258
enisab,/livres/Cuzor-Le-combat-dHenry-Fleming/1536836
enisab,/livres/Bertho-Cadres-noirs-tome-3--Apres/1612861
enisab,/livres/Jaffredo-Le-printemps-de-Sakura/1412033
enisab,/livres/Modiano-Pour-que-tu-ne-te-perdes-pas-dans-le-quartier/632505
enisab,/livres/Rey-Le-Syndrome-de-liceberg/1507190
enisab,/livres/Divry-Fantastique-histoire-damour/1583875
enisab,/livres/Metter-No-Body-Saison-1-tome-4--La-Spirale-de-Dante/1041619
enisab,/livres/Metter-No-body-Saison-1-tome-3--Entre-le-ciel-et-lenf/987187
enisab,/livres/Collette-On-etait-des-loups/1423805
enisab,/livres/Chabbert-Prejudice-BD/1486095
enisab,/livres/Tchekhov-Contes-humoristiques/525437
enisab,/livres/Teboul-Le-Deversoir/1505633
enisab,/livres/Ratte-Refugies-climatiques-castagnettes-tome-2/1383380
enisab,/livres/Ratte-Refugies-climatiques-castagnettes-tome-1/1334650
enisab,/livres/Buzzati-Le-regiment-part-a-laube/69011
enisab,/livres/Modiano-Dans-le-cafe-de-la-jeunesse-perdue/26914
enisab,/livres/Cercas-Le-chateau-de-Barbe-Bleue/1465861
enisab,/livres/Qaderi-Danser-dans-la-mosquee/1425691
enisab,/livres/Jurgenson-Sortir-de-chez-soi/1535848
enisab,/livres/Metter-No-body-Saison-1-tome-2--Rouler-avec-le-diable/941336
enisab,/livres/Metter-No-body-Saison-1-tome-1--Soldat-inconnu/889307
enisab,/livres/Tejera-Le-ravin/108260
enisab,/livres/Cercas-Independance/1412058
enisab,/livres/Pouchkine-Le-Coup-de-Pistolet-et-autres-recits-de-feu-Ivan-P/622359
enisab,/livres/Cercas-Terra-Alta/1192220
enisab,/livres/Coulon-Trois-saisons-dorage/903803
enisab,/livres/Manook-Aysuun/1552943
enisab,/livres/Alfred-Maltempo/1550257
enisab,/livres/Alfred-Je-mourrai-pas-gibier/114606
enisab,/livres/Kracht-Le-Petit-Guide-des-oiseaux-a-la-con/1513317
enisab,/livres/Mikal-Giant-tome-2/997908
enisab,/livres/Mikal-Giant-tome-1/957874
enisab,/livres/Charyn-New-York-Cannibals/1258194
enisab,/livres/Charyn-Little-Tulip/646426
enisab,/livres/Atwood-Promenons-nous-dans-les-bois/1571421
enisab,/livres/Alfred-Come-Prima/530345
enisab,/livres/Hrabal-La-petite-ville-ou-le-temps-sarreta/28655
enisab,/livres/Goust-Kamarades-tome-3--Terre-promise/904963
enisab,/livres/Abtey-Kamarades-tome-2--Tuez-les-tous/1032427
enisab,/livres/Goust-Kamarades-tome-1--La-fin-des-Romanov/718106
enisab,/livres/Gaude-Onysos-le-furieux-Le-tigre-bleu-de-lEuphrate/713862
enisab,/livres/Lemire-Royal-city-tome-3/1172617
enisab,/livres/Lemire-Royal-City-tome-2/1048702
enisab,/livres/Lemire-Royal-City-tome-1--Famille-decomposee/1020443
enisab,/livres/Zidrou-La-Bete-tome-2/1541614
enisab,/livres/Gudmundsson-Le-testament-des-gouttes-de-pluie/108054
enisab,/livres/Chaboute-Sorcieres/12472
enisab,/livres/Erdrich-La-Sentence/1525247
enisab,/livres/Duhamel-Le-retour/922571
enisab,/livres/Burton-La-maison-doree/1503541
enisab,/livres/Tynion-IV-The-nice-house-on-the-lake-tome-2/1502721
enisab,/livres/Panafieu-volution--Darwin-Dieu-et-les-hommes-chevaux/1450734
enisab,/livres/Huston-Choses-dites/1563475
enisab,/livres/Crosa-Plein-ciel/1554587
enisab,/livres/De-Luca-Le-plus-et-le-moins/843654
enisab,/livres/Reiss-Mains-dherbes-histoires-dun-jardin-japonais/1196723
enisab,/livres/Nesb-De-la-jalousie/1422121
enisab,/livres/Marie-Ceux-qui-me-restent/635528
enisab,/livres/Lesbre-Bolero/266010
enisab,/livres/Reuze-Faut-pas-prendre-les-cons-pour-des-gens-tome-4/1579179
enisab,/livres/Diaz-Canales-Blacksad-tome-7--Alors-tout-tombe-22/1541615
enisab,/livres/Diaz-Canales-Blacksad-tome-6--Alors-tout-tombe-12/1335620
enisab,/livres/Gelli-Crenom-Baudelaire-tome-1--Jeanne/1480394
enisab,/livres/Leandri-101-curiosites-historiques-cocasses-et-stupefiante/1554124
