tag,book,source
scifi,https://babelio.org/livres/Finney-Le-voyage-de-Simon-Morley/8781,babelio
scifi,https://babelio.org/livres/Finney-Le-voyage-de-Simon-Morley/8781,babelio
scifi,https://babelio.org/livres/Russell-Le-moineau-de-dieu/1269419,babelio
scifi,https://babelio.org/livres/Russell-Le-moineau-de-dieu/1269419,babelio
scifi,https://babelio.org/livres/Reynolds-La-pluie-du-siecle/96278,babelio
scifi,https://babelio.org/livres/Reynolds-La-pluie-du-siecle/96278,babelio
scifi,https://babelio.org/livres/Liu-Lhomme-qui-mit-fin-a-lHistoire/869701,babelio
scifi,https://babelio.org/livres/Liu-Lhomme-qui-mit-fin-a-lHistoire/869701,babelio
scifi,https://babelio.org/livres/VanderMeer-Annihilation/727543,babelio
scifi,https://babelio.org/livres/VanderMeer-Annihilation/727543,babelio
scifi,https://babelio.org/livres/Holmqvist-Lunite/270817,babelio
scifi,https://babelio.org/livres/Holmqvist-Lunite/270817,babelio
scifi,https://babelio.org/livres/Johnson-Un-pont-sur-la-brume/869702,babelio
scifi,https://babelio.org/livres/Johnson-Un-pont-sur-la-brume/869702,babelio
scifi,https://babelio.org/livres/Sherriff-Le-manuscrit-Hopkins/1363659,babelio
scifi,https://babelio.org/livres/Sherriff-Le-manuscrit-Hopkins/1363659,babelio
scifi,https://babelio.org/livres/Aldiss-Croisiere-sans-escale/42348,babelio
scifi,https://babelio.org/livres/Aldiss-Croisiere-sans-escale/42348,babelio
scifi,https://babelio.org/livres/Guichen-Pigeon-canard-et-patinette/808070,babelio
scifi,https://babelio.org/livres/Guichen-Pigeon-canard-et-patinette/808070,babelio
scifi,https://babelio.org/livres/Brussolo-La-Melancolie-des-sirenes-par-trente-metres-de-fon/70979,babelio
scifi,https://babelio.org/livres/Brussolo-La-Melancolie-des-sirenes-par-trente-metres-de-fon/70979,babelio
scifi,https://babelio.org/livres/Willis-Le-Grand-livre/31116,babelio
scifi,https://babelio.org/livres/Willis-Le-Grand-livre/31116,babelio
scifi,https://babelio.org/livres/Wilson-Les-Perseides-et-autres-nouvelles/639029,babelio
scifi,https://babelio.org/livres/Wilson-Les-Perseides-et-autres-nouvelles/639029,babelio
scifi,https://babelio.org/livres/Howey-Silo-Integrale/904850,babelio
scifi,https://babelio.org/livres/Howey-Silo-Integrale/904850,babelio
scifi,https://babelio.org/livres/Shepard-Les-attracteurs-de-Rose-Street/1056924,babelio
scifi,https://babelio.org/livres/Shepard-Les-attracteurs-de-Rose-Street/1056924,babelio
scifi,https://babelio.org/livres/Dainche-Virus/535468,babelio
scifi,https://babelio.org/livres/Dainche-Virus/535468,babelio
scifi,https://babelio.org/livres/Brussolo-Les-geoliers/863141,babelio
scifi,https://babelio.org/livres/Brussolo-Les-geoliers/863141,babelio
scifi,https://babelio.org/livres/Hodder-Burton-Swinburne-dans-Ltrange-affaire-de-Sprin/478255,babelio
scifi,https://babelio.org/livres/Hodder-Burton-Swinburne-dans-Ltrange-affaire-de-Sprin/478255,babelio
scifi,https://babelio.org/livres/Fahy-Fragment/158402,babelio
scifi,https://babelio.org/livres/Fahy-Fragment/158402,babelio
scifi,https://babelio.org/livres/Keyes-Des-fleurs-pour-Algernon/5608,babelio
scifi,https://babelio.org/livres/Keyes-Des-fleurs-pour-Algernon/5608,babelio
scifi,https://babelio.org/livres/Barjavel-La-nuit-des-temps/3018,babelio
scifi,https://babelio.org/livres/Barjavel-La-nuit-des-temps/3018,babelio
scifi,https://babelio.org/livres/Thomas-La-fin-des-mysteres/80087,babelio
scifi,https://babelio.org/livres/Thomas-La-fin-des-mysteres/80087,babelio
scifi,https://babelio.org/livres/Le-Guin-La-Main-gauche-de-la-nuit/1356756,babelio
scifi,https://babelio.org/livres/Le-Guin-La-Main-gauche-de-la-nuit/1356756,babelio
scifi,https://babelio.org/livres/Miller-Un-cantique-pour-Leibowitz/19765,babelio
scifi,https://babelio.org/livres/Miller-Un-cantique-pour-Leibowitz/19765,babelio
scifi,https://babelio.org/livres/Glukhovsky-Metro-2033/172873,babelio
scifi,https://babelio.org/livres/Glukhovsky-Metro-2033/172873,babelio
scifi,https://babelio.org/livres/Lovegrove-Days/623179,babelio
scifi,https://babelio.org/livres/Lovegrove-Days/623179,babelio
scifi,https://babelio.org/livres/Rutger-Lanomalie/1225680,babelio
scifi,https://babelio.org/livres/Rutger-Lanomalie/1225680,babelio
scifi,https://babelio.org/livres/Leman-Bienvenue-a-Sturkeyville/1196026,babelio
scifi,https://babelio.org/livres/Leman-Bienvenue-a-Sturkeyville/1196026,babelio
scifi,https://babelio.org/livres/Burke-Semiosis/1144074,babelio
scifi,https://babelio.org/livres/Burke-Semiosis/1144074,babelio
scifi,https://babelio.org/livres/Suddain-Chasseurs-et-collectionneurs/1177341,babelio
scifi,https://babelio.org/livres/Suddain-Chasseurs-et-collectionneurs/1177341,babelio
scifi,https://babelio.org/livres/Higashino-Les-miracles-du-bazar-Namiya/1178961,babelio
scifi,https://babelio.org/livres/Higashino-Les-miracles-du-bazar-Namiya/1178961,babelio
scifi,https://babelio.org/livres/Spjut-La-Chasseuse-de-trolls/1082786,babelio
scifi,https://babelio.org/livres/Spjut-La-Chasseuse-de-trolls/1082786,babelio
scifi,https://babelio.org/livres/Glukhovsky-Sumerki/611433,babelio
scifi,https://babelio.org/livres/Glukhovsky-Sumerki/611433,babelio
scifi,https://babelio.org/livres/Sternbergh-Population--48/1060365,babelio
scifi,https://babelio.org/livres/Sternbergh-Population--48/1060365,babelio
scifi,https://babelio.org/livres/Day-LInstinct-de-lequarrisseur--Vie-et-mort-de-Sher/23814,babelio
scifi,https://babelio.org/livres/Day-LInstinct-de-lequarrisseur--Vie-et-mort-de-Sher/23814,babelio
scifi,https://babelio.org/livres/Harris-Le-second-sommeil/1361713,babelio
scifi,https://babelio.org/livres/Harris-Le-second-sommeil/1361713,babelio
scifi,https://babelio.org/livres/Cixin-Le-probleme-a-trois-corps/1459875,babelio
scifi,https://babelio.org/livres/Cixin-Le-probleme-a-trois-corps/1459875,babelio
scifi,https://babelio.org/livres/Bordage-Metro-Paris-2033-tome-1--Rive-gauche/1211054,babelio
scifi,https://babelio.org/livres/Bordage-Metro-Paris-2033-tome-1--Rive-gauche/1211054,babelio
scifi,https://babelio.org/livres/Orwell-1984/2961,babelio
scifi,https://babelio.org/livres/Orwell-1984/2961,babelio
scifi,https://babelio.org/livres/Ormesson-La-gloire-de-lEmpire/83521,babelio
scifi,https://babelio.org/livres/Ormesson-La-gloire-de-lEmpire/83521,babelio
scifi,https://babelio.org/livres/Roth-Le-complot-contre-lAmerique/4882,babelio
scifi,https://babelio.org/livres/Roth-Le-complot-contre-lAmerique/4882,babelio
scifi,https://babelio.org/livres/Suskind-Le-Parfum/6823,babelio
scifi,https://babelio.org/livres/Suskind-Le-Parfum/6823,babelio
scifi,https://babelio.org/livres/Atwood-La-servante-ecarlate/1330434,babelio
scifi,https://babelio.org/livres/Atwood-La-servante-ecarlate/1330434,babelio
scifi,https://babelio.org/livres/Sanchez-Pinol-La-peau-froide/26006,babelio
scifi,https://babelio.org/livres/Sanchez-Pinol-La-peau-froide/26006,babelio
scifi,https://babelio.org/livres/Le-Callet-La-ballade-de-Lila-K/198715,babelio
scifi,https://babelio.org/livres/Le-Callet-La-ballade-de-Lila-K/198715,babelio
scifi,https://babelio.org/livres/Mitchell-Cartographie-des-nuages/5615,babelio
scifi,https://babelio.org/livres/Mitchell-Cartographie-des-nuages/5615,babelio
scifi,https://babelio.org/livres/Mitchell-Ecrits-fantomes/7054,babelio
scifi,https://babelio.org/livres/Mitchell-Ecrits-fantomes/7054,babelio
scifi,https://babelio.org/livres/Montero-Des-larmes-sous-la-pluie/451546,babelio
scifi,https://babelio.org/livres/Montero-Des-larmes-sous-la-pluie/451546,babelio
scifi,https://babelio.org/livres/Burgess-Lorange-mecanique/8143,babelio
scifi,https://babelio.org/livres/Burgess-Lorange-mecanique/8143,babelio
scifi,https://babelio.org/livres/McCarthy-La-Route/34709,babelio
scifi,https://babelio.org/livres/McCarthy-La-Route/34709,babelio
scifi,https://babelio.org/livres/Saramago-Laveuglement/2759,babelio
scifi,https://babelio.org/livres/Saramago-Laveuglement/2759,babelio
scifi,https://babelio.org/livres/Mendoza-Sans-nouvelles-de-Gurb/7753,babelio
scifi,https://babelio.org/livres/Mendoza-Sans-nouvelles-de-Gurb/7753,babelio
scifi,https://babelio.org/livres/Orwell-La-ferme-des-animaux/3173,babelio
scifi,https://babelio.org/livres/Orwell-La-ferme-des-animaux/3173,babelio
scifi,https://babelio.org/livres/Grimwood-Replay/3349,babelio
scifi,https://babelio.org/livres/Grimwood-Replay/3349,babelio
scifi,https://babelio.org/livres/Kurt-Vonnegut-Abattoir-5/16774,babelio
scifi,https://babelio.org/livres/Kurt-Vonnegut-Abattoir-5/16774,babelio
scifi,https://babelio.org/livres/Merle-Malevil/5875,babelio
scifi,https://babelio.org/livres/Merle-Malevil/5875,babelio
scifi,https://babelio.org/livres/Auster-Mr-Vertigo/6664,babelio
scifi,https://babelio.org/livres/Auster-Mr-Vertigo/6664,babelio
scifi,https://babelio.org/livres/Boulgakov-Le-Maitre-et-Marguerite/40261,babelio
scifi,https://babelio.org/livres/Boulgakov-Le-Maitre-et-Marguerite/40261,babelio
scifi,https://babelio.org/livres/Zamiatine-Nous-autres/22868,babelio
scifi,https://babelio.org/livres/Zamiatine-Nous-autres/22868,babelio
scifi,https://babelio.org/livres/Caillois-Ponce-Pilate/1375235,babelio
scifi,https://babelio.org/livres/Caillois-Ponce-Pilate/1375235,babelio
scifi,https://babelio.org/livres/Barjavel-LEnchanteur/6684,babelio
scifi,https://babelio.org/livres/Barjavel-LEnchanteur/6684,babelio
scifi,https://babelio.org/livres/Page-La-Nuit-a-devore-le-monde/396965,babelio
scifi,https://babelio.org/livres/Page-La-Nuit-a-devore-le-monde/396965,babelio
scifi,https://babelio.org/livres/Vargas-Un-lieu-incertain/75503,babelio
scifi,https://babelio.org/livres/Vargas-Un-lieu-incertain/75503,babelio
scifi,https://babelio.org/livres/Chabon-Le-Club-des-policiers-yiddish/99031,babelio
scifi,https://babelio.org/livres/Chabon-Le-Club-des-policiers-yiddish/99031,babelio
scifi,https://babelio.org/livres/Harris-Fatherland/12256,babelio
scifi,https://babelio.org/livres/Harris-Fatherland/12256,babelio
scifi,https://babelio.org/livres/Calvino-Cosmicomics/6422,babelio
scifi,https://babelio.org/livres/Calvino-Cosmicomics/6422,babelio
scifi,https://babelio.org/livres/Vercors-Les-Animaux-denatures/6008,babelio
scifi,https://babelio.org/livres/Vercors-Les-Animaux-denatures/6008,babelio
scifi,https://babelio.org/livres/Bioy-Casares-Linvention-de-Morel/16995,babelio
scifi,https://babelio.org/livres/Bioy-Casares-Linvention-de-Morel/16995,babelio
scifi,https://babelio.org/livres/Spitz-LOeil-du-purgatoire-Lexperience-du-Dr-Mops/424197,babelio
scifi,https://babelio.org/livres/Spitz-LOeil-du-purgatoire-Lexperience-du-Dr-Mops/424197,babelio
scifi,https://babelio.org/livres/Barjavel-Ravage/6590,babelio
scifi,https://babelio.org/livres/Barjavel-Ravage/6590,babelio
scifi,https://babelio.org/livres/Darrieussecq-Truismes/7642,babelio
scifi,https://babelio.org/livres/Darrieussecq-Truismes/7642,babelio
scifi,https://babelio.org/livres/Haushofer-Le-Mur-invisible/25719,babelio
scifi,https://babelio.org/livres/Haushofer-Le-Mur-invisible/25719,babelio
scifi,https://babelio.org/livres/London-La-peste-ecarlate/116420,babelio
scifi,https://babelio.org/livres/London-La-peste-ecarlate/116420,babelio
scifi,https://babelio.org/livres/Atwood-Le-dernier-homme/26911,babelio
scifi,https://babelio.org/livres/Atwood-Le-dernier-homme/26911,babelio
scifi,https://babelio.org/livres/Nau-Force-ennemie/4801,babelio
scifi,https://babelio.org/livres/Nau-Force-ennemie/4801,babelio
scifi,https://babelio.org/livres/Buzzati-La-Fameuse-Invasion-de-la-Sicile-par-les-ours/1690,babelio
scifi,https://babelio.org/livres/Buzzati-La-Fameuse-Invasion-de-la-Sicile-par-les-ours/1690,babelio
scifi,https://babelio.org/livres/Calvino-Le-Vicomte-pourfendu/1501,babelio
scifi,https://babelio.org/livres/Calvino-Le-Vicomte-pourfendu/1501,babelio
scifi,https://babelio.org/livres/Ayme-Le-passe-muraille/3390,babelio
scifi,https://babelio.org/livres/Ayme-Le-passe-muraille/3390,babelio
scifi,https://babelio.org/livres/James-Le-Tour-decrou/1637,babelio
scifi,https://babelio.org/livres/James-Le-Tour-decrou/1637,babelio
scifi,https://babelio.org/livres/Seignolle-La-Malvenue/127908,babelio
scifi,https://babelio.org/livres/Seignolle-La-Malvenue/127908,babelio
scifi,https://babelio.org/livres/Haggard-She/98315,babelio
scifi,https://babelio.org/livres/Haggard-She/98315,babelio
scifi,https://babelio.org/livres/Weisbecker-Cosmix-Banditos/213676,babelio
scifi,https://babelio.org/livres/Weisbecker-Cosmix-Banditos/213676,babelio
scifi,https://babelio.org/livres/Whitehead-Zone-1/566995,babelio
scifi,https://babelio.org/livres/Whitehead-Zone-1/566995,babelio
scifi,https://babelio.org/livres/Self-Ainsi-vivent-les-morts/14442,babelio
scifi,https://babelio.org/livres/Self-Ainsi-vivent-les-morts/14442,babelio
scifi,https://babelio.org/livres/Benni-Terra-/266724,babelio
scifi,https://babelio.org/livres/Benni-Terra-/266724,babelio
scifi,https://babelio.org/livres/Shelley-Le-Dernier-Homme/89198,babelio
scifi,https://babelio.org/livres/Shelley-Le-Dernier-Homme/89198,babelio
scifi,https://babelio.org/livres/Mouche-La-place-aux-autres/384059,babelio
scifi,https://babelio.org/livres/Mouche-La-place-aux-autres/384059,babelio
scifi,https://babelio.org/livres/Terrin-Le-Gardien/550450,babelio
scifi,https://babelio.org/livres/Terrin-Le-Gardien/550450,babelio
scifi,https://babelio.org/livres/Magnason-LoveStar/956637,babelio
scifi,https://babelio.org/livres/Magnason-LoveStar/956637,babelio
scifi,https://babelio.org/livres/Faber-Le-livre-des-choses-etranges-et-nouvelles/778211,babelio
scifi,https://babelio.org/livres/Faber-Le-livre-des-choses-etranges-et-nouvelles/778211,babelio
scifi,https://babelio.org/livres/Burroughs-Le-porte-lame/225746,babelio
scifi,https://babelio.org/livres/Burroughs-Le-porte-lame/225746,babelio
scifi,https://babelio.org/livres/Burgess-La-folle-semence/342994,babelio
scifi,https://babelio.org/livres/Burgess-La-folle-semence/342994,babelio
scifi,https://babelio.org/livres/Ballard-La-Trilogie-de-beton--Crash-Lle-de-beton-I/21543,babelio
scifi,https://babelio.org/livres/Ballard-La-Trilogie-de-beton--Crash-Lle-de-beton-I/21543,babelio
scifi,https://babelio.org/livres/Harpman-Orlanda/7266,babelio
scifi,https://babelio.org/livres/Harpman-Orlanda/7266,babelio
scifi,https://babelio.org/livres/Harpman-Moi-qui-nai-pas-connu-les-hommes/7263,babelio
scifi,https://babelio.org/livres/Harpman-Moi-qui-nai-pas-connu-les-hommes/7263,babelio
scifi,https://babelio.org/livres/Nothomb-Acide-sulfurique/5510,babelio
scifi,https://babelio.org/livres/Nothomb-Acide-sulfurique/5510,babelio
scifi,https://babelio.org/livres/Molia-Avant-de-disparaitre/281276,babelio
scifi,https://babelio.org/livres/Molia-Avant-de-disparaitre/281276,babelio
scifi,https://babelio.org/livres/Volodine-Terminus-Radieux/619896,babelio
scifi,https://babelio.org/livres/Volodine-Terminus-Radieux/619896,babelio
scifi,https://babelio.org/livres/Theroux-Au-nord-du-monde/191717,babelio
scifi,https://babelio.org/livres/Theroux-Au-nord-du-monde/191717,babelio
scifi,https://babelio.org/livres/Boulgakov-Les-oeufs-fatidiques/71241,babelio
scifi,https://babelio.org/livres/Boulgakov-Les-oeufs-fatidiques/71241,babelio
scifi,https://babelio.org/livres/Self-Le-livre-de-Dave/191335,babelio
scifi,https://babelio.org/livres/Self-Le-livre-de-Dave/191335,babelio
scifi,https://babelio.org/livres/Izarra-Nous-sommes-tous-morts/600707,babelio
scifi,https://babelio.org/livres/Izarra-Nous-sommes-tous-morts/600707,babelio
scifi,https://babelio.org/livres/Rufin-Globalia/2093,babelio
scifi,https://babelio.org/livres/Rufin-Globalia/2093,babelio
scifi,https://babelio.org/livres/St-John-Mandel-Station-Eleven/1252312,babelio
scifi,https://babelio.org/livres/St-John-Mandel-Station-Eleven/1252312,babelio
scifi,https://babelio.org/livres/Ammaniti-Anna/861705,babelio
scifi,https://babelio.org/livres/Ammaniti-Anna/861705,babelio
scifi,https://babelio.org/livres/Hegland-Dans-la-foret/888010,babelio
scifi,https://babelio.org/livres/Hegland-Dans-la-foret/888010,babelio
scifi,https://babelio.org/livres/El-Akkad-American-War/956505,babelio
scifi,https://babelio.org/livres/El-Akkad-American-War/956505,babelio
scifi,https://babelio.org/livres/Vaye-Watkins-Les-sables-de-lAmargosa/965868,babelio
scifi,https://babelio.org/livres/Vaye-Watkins-Les-sables-de-lAmargosa/965868,babelio
scifi,https://babelio.org/livres/Fagan-Les-buveurs-de-lumiere/959600,babelio
scifi,https://babelio.org/livres/Fagan-Les-buveurs-de-lumiere/959600,babelio
scifi,https://babelio.org/livres/Dibbell-The-only-ones/971088,babelio
scifi,https://babelio.org/livres/Dibbell-The-only-ones/971088,babelio
scifi,https://babelio.org/livres/Ishiguro-Aupres-de-moi-toujours/12757,babelio
scifi,https://babelio.org/livres/Ishiguro-Aupres-de-moi-toujours/12757,babelio
scifi,https://babelio.org/livres/DeLillo-Zero-K/958188,babelio
scifi,https://babelio.org/livres/DeLillo-Zero-K/958188,babelio
scifi,https://babelio.org/livres/Darrieussecq-Notre-vie-dans-les-forets/965632,babelio
scifi,https://babelio.org/livres/Darrieussecq-Notre-vie-dans-les-forets/965632,babelio
scifi,https://www.senscritique.com/livre/rivage_des_intouchables/396903,senscritique
scifi,https://www.senscritique.com/livre/la_voie_terrestre/370981,senscritique
scifi,https://www.senscritique.com/livre/peste/21644,senscritique
scifi,https://www.senscritique.com/livre/Le_Dit_d_Aka/220767,senscritique
scifi,https://www.senscritique.com/livre/aztechs/96177,senscritique
scifi,https://www.senscritique.com/livre/f_a_u_s_t/400395,senscritique
scifi,https://www.senscritique.com/livre/l_oeil_du_purgatoire/277961,senscritique
scifi,https://www.senscritique.com/livre/toxoplasma/28286909,senscritique
scifi,https://www.senscritique.com/livre/Les_Insulaires/8864048,senscritique
scifi,https://www.senscritique.com/livre/la_fille_flute/11561162,senscritique
scifi,https://www.senscritique.com/livre/rituel_du_mepris_variante_moldscher/426383,senscritique
scifi,https://www.senscritique.com/livre/la_lune_seule_le_sait/1741,senscritique
scifi,https://www.senscritique.com/livre/la_paille_dans_l_oeil_de_dieu/241504,senscritique
scifi,https://www.senscritique.com/livre/Le_filet_d_Indra/372680,senscritique
scifi,https://www.senscritique.com/livre/Drift/11126739,senscritique
scifi,https://www.senscritique.com/livre/L_Age_des_lumieres/184529,senscritique
scifi,https://www.senscritique.com/livre/Station_La_Chute/29943486,senscritique
scifi,https://www.senscritique.com/livre/maitre_de_l_espace_et_du_temps/127338,senscritique
scifi,https://www.senscritique.com/livre/Forteresse_des_etoiles/398609,senscritique
scifi,https://www.senscritique.com/livre/Plasma/480609,senscritique
scifi,https://www.senscritique.com/livre/le_dragon_ne_dort_jamais/61203,senscritique
scifi,https://www.senscritique.com/livre/Love_Star/12966999,senscritique
scifi,https://www.senscritique.com/livre/corps_variables/13321814,senscritique
scifi,https://www.senscritique.com/livre/le_probleme_de_turing/430758,senscritique
scifi,https://www.senscritique.com/livre/les_olympiades_truquees/88828,senscritique
scifi,https://www.senscritique.com/livre/L_Enchassement/8283584,senscritique
scifi,https://www.senscritique.com/livre/mes_vrais_enfants/23156374,senscritique
scifi,https://www.senscritique.com/livre/susto/29547398,senscritique
scifi,https://www.senscritique.com/livre/La_Maison_des_derviches/8109925,senscritique
scifi,https://www.senscritique.com/livre/le_temple_du_passe/381054,senscritique
