roman feuilleton	1
littérature générale	18
roman	24
essai	10
recueil	1
cauchemars	1
littérature cubaine	2
essai de société	3
essai philosophique	3
essai document	3
bande dessinée	22
classique	11
littérature maghrebine	1
histoire	19
enfance	4
sexualité	1
roman poétique	1
fées	1
religion	4
islam	1
portrait de femme	1
france	10
littérature franéaise	17
littérature africaine	2
maroc	2
littérature marocaine	1
20éme siécle	12
roman étranger	2
Romans et nouvelles de genre	4
nouvelles fantastiques	1
nouvelles	7
romans policiers et polars	17
littérature	21
littérature anglaise	4
littérature britannique	3
thriller	6
policier franéais	1
rrose sélavy	1
centre pompidou	1
marcel duchamp	1
copycat	1
noir	1
polar d'ambiance	1
art	7
Photographes	2
école	2
photographie	6
art moderne	1
Paris (France)	2
mai 68	3
symbolique	1
Histoire et critique	1
Futurisme (musique)	1
avant-garde	1
Son	1
musique expérimentale	1
musique	7
Arts et beaux livres	3
littérature italienne	1
Musique	3
Arts	2
culture générale	5
peinture	3
cinema	9
aventure	10
fantastique	5
epouvante	1
roman psychologique	1
suspense	3
adolescence	2
terreur	1
fantasy et terreur	1
obsessions	1
surnaturel	1
thriller horrifique	1
science-fiction	8
fantastique horreur	1
horreur	2
manipulation	2
paranormal	1
littérature américaine	3
Textes divers	2
Littérature (Belles-lettres)	3
Littérature américaine en anglais	1
de capes et d'épées	1
roman d'aventure	3
historique	4
roman historique	9
démons	1
navigation	2
corsaires	1
mer	4
pirates	3
littérature francophone	5
21éme siécle	3
contemporain	1
17éme siécle	1
guerre	10
histoire militaire	6
autobiographie	4
roman autobiographique	1
autrice	4
littérature camerounaise	1
femmes	1
roman réaliste	1
famille	5
franéais	6
afrique	2
cameroun	2
littérature du 21éme siécle	1
littérature du 20éme siécle	1
parascolaire	1
web	1
informatique	2
photos	3
récits	3
biographie	11
témoignage	3
roman graphique	1
culpabilité	1
souvenirs	1
drame	2
traumatisme	1
Colonies de vacances	1
curé	1
pédophilie	2
années 70	1
années 80	1
paysages	1
beaux  livres	2
Céte basque (Pyrénées-Atlantiques)	1
bd franco-belge	6
bd jeunesse	6
bd belge	5
bande dessinée aventure	5
aventure jeunesse	5
tintinophile	5
ligne claire	5
personnages	5
Personnages fictifs	5
urbanisme	2
Techniques et sciences appliquées	1
science	4
savants	1
découvertes scientifiques	1
peintre	2
Peinture de la Renaissance	1
leonard de vinci	1
littérature jeunesse	9
recettes de cuisine	2
gastronomie	1
cuisine	3
saga	3
vengeance	1
amitié	2
amour	7
romance	2
voyages	12
prostitution	2
littérature étrangére	6
allemagne	2
littérature allemande	3
15éme siécle	1
moyen-age	1
Art et photographie	1
Photographie artistique	2
psychanalyse	3
art contemporain	1
Photographie et photographies	2
Photographes et photographie	1
Cinéma et littérature	1
films	1
adaptation	2
pseudonyme	1
chambre	1
enquétes	2
chinois	2
vietnamien	1
dragon	1
Astrologie chinoise	1
signes	1
signes du zodiaques	1
chine	1
manga	3
sport	2
shonen	2
football	2
philosophie	4
théétre	4
jeunesse	5
politique	5
chick lit	2
documentaire	4
nature	3
roman d'amour	2
liberté	1
anglais	2
serie	1
dystopie	1
comics	1
apocalypse	1
action	1
extra-terrestres	1
fin du monde	1
espace	3
adapté au cinéma	3
super-héros	2
animaux	1
attentats	1
anglo-saxon	1
élection (2008)	1
républicains	1
contre-terrorisme	1
démocrates	1
george w bush	1
barack obama	1
présidents	2
politique économique	1
Politique et gouvernement	1
terrorisme	2
géopolitique	1
guerres et conflits actuels	1
états-unis	1
Conjoncture et conditions politiques	2
Science politique	1
Science politique (politique et gouvernement)	1
écrivain	1
meditation	1
provence	4
littérature anglo-saxonne	2
grande-bretagne	1
angleterre	2
bande dessinée de genre	4
uchronie	1
anticipation	2
corbeyran	1
alternative reality	1
utopie	1
complots	1
mystére	2
identité	1
voyage dans le temps	2
univers paralléles	1
actualités et reportages	1
Aspect social	1
racisme	2
Changement social	1
Individu et société	1
sciences humaines et sociales	3
société	3
mondialisation	2
théorie	1
sciences sociales	2
marxisme	1
sociologie	4
Changements sociaux	2
Sciences sociales : généralités	2
Processus sociaux	1
philosophes	1
récit de voyage	4
tahiti	1
polynésie	1
exploration	1
Voyages autour du monde	3
indonésie	1
18éme siecle	2
Géographie générale. Voyages	1
Récits de voyages	1
chroniques	1
fin-de-siécle	1
vie	1
légendes	1
contes	1
psy	1
antiquité	2
19éme siécle	5
suicide	1
langage	1
albums animés	1
livre é toucher	2
0-3 ans	1
animaux de compagnie	1
enfants	2
émigration et immigration	1
immigration	2
Migrations	1
étrangers	2
histoire générale	2
histoire du mouvement ouvrier	1
historiographie	1
économie	1
Mouvements de population. Migrations	2
Influence des facteurs naturels sur les processus sociaux	1
Littérature néerlandaise	2
Littérature des langues germaniques. Allemand	2
Autres littératures germaniques	1
prisons	1
afro-américains	1
guide	1
catalogne	2
Moeurs et coutumes	1
Ibérique	1
europe	2
barcelone	2
espagne	2
Histoire de l'Espagne	2
Histoire, géographie, sciences auxiliaires de l'histoire	2
Histoire de l'Europe	1
bande dessinée humour	1
bd adulte	2
moto	1
bar	2
motard	1
gags	1
motos	1
copains	1
planche	1
passion	2
Vitesse	1
chéteaux	2
humour	6
dessins	1
journal	3
bouvard et pécuchet	1
trains	1
essai littéraire	1
egypte	3
egyptologie	1
insectes	1
faune	1
strips	1
cynisme	1
état du monde	1
editeur	1
littérature sud-américaine	1
littérature argentine	1
argentine	1
Romans, contes, nouvelles	4
Littérature espagnole et portugaise	1
roman sur l'art	1
génie artiste	1
folie	1
surréalisme	2
littérature hispanique	1
littérature espagnole	1
Biographie: artistes et sportifs	2
Biographie générale et généalogie	1
romantisme	1
anges	1
littérature belge	1
belge	1
guy rachet	1
pharaon	1
civilisation	1
pyramides	1
egypte ancienne	1
histoire antique	1
architecture	1
comédie	1
cocu	1
adultére	1
couple	1
terroir	2
Scénarios, scripts, critiques	2
Cinéma, radio, télévision	1
Cinéma	1
mort	1
révolution	1
auteur franéais	2
poésie	1
carnets de voyage	1
Photographie en noir et blanc	1
éditions seuil	1
collection points	1
voyageur	1
voyage en italie	2
Répertoires	1
guide de voyage	1
hétel	1
régions	1
restaurant	2
foréts	1
air	2
introspection	1
littérature autrichienne	2
littérature contemporaine	1
guerre mondiale	1
enquéte policiére	1
hercule poirot	1
drogue	1
détective	1
crime	1
meurtre	1
londres	1
policier anglais	1
voyage spatial	1
marazano	1
ponzio	1
paradoxe temporel	1
bd science fiction	1
saga familiale	1
littérature régionale	2
émigration espagnole	1
mines	1
misére	1
bourgeoisie	1
révolte	1
roman du terroir	1
Aveyron (France)	2
marseille	1
critique littéraire	1
histoire de la litterature	1
Aspect symbolique	1
arbres	1
divination	1
celtes	1
Magie celtique	2
irlande	2
fétes	1
irlandais	1
biére	1
tziganes	1
Statut juridique	1
Droits de l'homme (droit international)	1
Droit général	1
droit	1
gens du voyage	1
droits	2
Des groupes raciaux, ethniques, nationaux	2
Droits civils et politiques	1
Des groupes minoritaires	1
chaos	1
karma	1
thérapies	1
psychologie	2
Psychothérapie bréve	2
Troubles psychiatriques	2
Maladies	1
Maladies du systéme nerveux. Troubles psychiques	1
sciences humaines	1
