bande dessin�e	192
vie quotidienne	12
travail	4
�volution	4
bonheur	3
quotidien	9
d�veloppement	3
amiti�	101
introspection	4
zen	3
fille	3
psychologie	17
amour	95
bien-�tre	10
couple	27
developpement personnel	14
estime de soi	3
feel good book	69
litt�rature fran�aise	179
bd franco-belge	24
bd jeunesse	43
bd belge	24
bande dessin�e aventure	24
aventure jeunesse	24
tintinophile	24
ligne claire	24
personnages	24
Personnages fictifs	24
litt�rature g�n�rale	48
Romans et nouvelles de genre	9
roman	147
roman noir	21
romans policiers et polars	81
thriller	47
enqu�tes	30
vieillesse	30
vengeance	11
maladie d'alzheimer	5
tueur � gages	18
f�minisme	23
f�ministes	6
france	92
litt�rature contemporaine	16
litt�rature	58
manga	46
seinen	18
shonen	23
espionnage	20
complots	5
librairie	7
1�re	5
famille	118
suspense	24
maman	3
romans	7
meurtre	20
litt�rature francophone	28
serie	17
histoire	24
groenland	3
services secrets	3
police	7
secrets	18
g�opolitique	3
politique	26
rechauffement climatique	3
islande	3
danemark	3
litt�rature nordique	5
com�die	52
jeunesse	71
jeune adulte	10
sentimental	3
adolescence	29
r�aliste	3
engagement	15
�cologie	16
developpement durable	3
Consommation durable	3
protection de la nature	3
protection animale	3
protection de l'environnement	3
p�dagogie	3
mers et oc�ans	4
journal intime	10
nouvelles	8
autobiographie	19
t�moignage	27
correspondance	6
anecdotes	3
vie	5
lettres	6
epistolaire	10
fran�ais	38
contemporain	53
actualit�s et reportages	3
essai	13
biographie	32
antis�mitisme	4
charlie hebdo	3
france inter	3
justice	3
soci�t�	50
Extr�me droite	6
21�me si�cle	52
chick lit	25
litt�rature anglaise	10
fantastique	19
harc�lement	10
Autod�fense	3
masculinisme	3
violence	18
autod�rision	3
harc�lement sexuel	3
revanche	3
sororit�	6
essai litt�raire	3
�criture	8
luttes politiques	4
pratique	5
enfants	20
P�diatrie	6
m�decine	4
maladie	10
sant�	6
cosy mystery	7
auto-�dition	6
souvenirs	19
femmes	20
Anniversaires	3
solitude	9
s�paration	7
origines	3
litt�rature blanche	3
r�seaux sociaux	10
mer	4
Paris (France)	15
album	16
th��tre	5
litt�rature jeunesse	58
albums jeunesse	7
0-3 ans	6
animaux	9
84 pages	3
myst�re	6
soci�t�s secr�tes	3
Condamn�s � mort	3
�cole	26
romance	41
japon	3
litt�rature japonaise	18
mangaka	3
deuil	13
r�silience	5
personnes �g�es	25
�motion	6
reconstruction	3
maison de retraite	10
aventure	46
satire	26
saga	17
parodie	18
pens�e positive	3
gaulois	4
jeux de mots	5
romain	4
antiquit�	4
gaule	4
bande dessin�e fran�aise	6
roman graphique	52
ferme	3
poussin	3
loup	5
Poules	3
tendresse	3
diff�rence	5
adoption	5
Renards	6
famille recompos�e	18
presse	3
fables	4
culture	4
comique	3
province	3
r�seaux	3
pr�jug�s	7
g�ants	3
classes sociales	3
critique sociale	14
philosophie	6
road trip	10
autisme	3
m�re	3
ch�mage	4
violences conjugales	3
voyages	19
relations m�re-fille	3
divorce	5
scandinavie	3
ours	3
st�r�otypes de genre	6
Les petits livres des enfants Bront�	3
monaco	3
t3	3
mona lisa	6
amants	9
bd adulte	37
road movie	10
cavale	5
fuite	3
absurde	34
d�cal�	22
burlesque	7
humour noir	28
soci�t� de consommation	3
m�dias	3
voisinage	6
drame	11
voisins	7
solidarit�	15
m�moire	4
combat	4
immigration	5
migrants	3
militantisme	9
r�fugi�s	3
anarchie	12
vieux	15
anarchisme	12
rugby	3
relations humaines	10
tranches de vie	23
immeuble	3
syndicalisme	3
anarchiste	3
contes de f�es	3
documentaire	11
classique	12
analyse	3
adulte	10
sexisme	4
racisme	7
sexe	5
contes	9
vin	3
h�ritage	7
Psychiatres	3
maladies mentales	3
psychanalyse	4
psychiatrie	3
barcelone	3
litt�rature espagnole	4
espagne	5
premier roman	12
po�sie	5
roman d'amour	14
d�pression	9
fantaisie	3
enfance	25
danse	3
folie	6
musique	7
com�die romantique	14
croisi�re	3
changement de vie	6
Voyages autour du monde	3
pastiche	4
d�tournement	3
roman photo	3
adult�re	4
mac�doine	3
vulgarisation	4
stations spatiales	3
conqu�te spatiale	3
espace	4
thomas pesquet	3
iss	3
astronautes	6
science	5
astronomie	3
vulgarisation scientifique	4
fiction	6
secrets de famille	3
litt�rature �trang�re	6
roman contemporain	5
comics	10
action	25
gangsters	5
mafia	5
cartels	3
cinema	7
�tats-unis	10
mexique	5
ann�es 80	5
loufoque	14
histoire d'amour	4
vie de couple	3
mariage	4
tr�sor	3
pass�	3
pirates	3
oeuvres de jeunesse	3
litt�rature pour enfants	4
b�tises	3
adapt� au cin�ma	7
dessins	4
20�me si�cle	16
Satire, humour	6
Litt�rature (Belles-lettres)	4
Litt�rature des langues romanes. Litt�raure fran�aise	4
critique	5
gags	5
cynisme	10
actualit�	4
ironie	8
chats	9
d�tente	7
majordome	3
roman humoristique	7
angleterre	5
campagne	4
zad	4
qu�te	4
paradoxe temporel	4
voyage dans le temps	3
pr�histoire	3
bande dessin�e tout public	2
rupture	5
relation homme-femme	2
journalisme	2
journal	5
gaffes	2
d�jant�	8
litt�rature qu�b�coise	2
belge	3
litt�rature canadienne	2
fantasy	15
litt�rature pour adolescents	13
percy jackson	3
mythologie grecque	3
mythologie	7
litt�rature am�ricaine	10
premi�res lectures	2
cheveux	4
espion	17
t�l�pathie	14
tueuse � gages	9
chiens	2
mission	4
policier fran�ais	7
autrice	15
lyon	2
tueur en s�rie	4
�ditions fluide glacial	2
cynique	2
second degr�	2
caricatures	2
humour grin�ant	3
r�cits	6
anthologies	2
surnaturel	2
monstre	4
science-fiction	9
londres	5
super-h�ros	2
tueuse	2
handicap	4
P�res et filles	3
mensonges	5
Famille monoparentale	2
brigades	2
bras cass�s	2
policier humoristique	4
saga familiale	5
tribu	4
belleville	5
saga malaussene	5
urban fantasy	3
sfff	3
heroic fantasy	4
bouc �missaire	3
fant�mes	4
parents	2
relations parents-enfants	6
velo	2
beaut�	2
boudin	2
coll�ge	5
drogue	2
cit�	2
noir	2
dealer	2
besan�on	4
muet	3
obsessions	3
roman �pistolaire	5
covid-19	2
courrier	2
recueil	2
confinement	4
bande dessin�e de genre	6
d�m�nagement	1
amour vache	2
histoire vraie	1
magazine	1
proc�s	1
chasse � l'homme	1
faits divers	1
western	2
enqu�te polici�re	2
hollywood	1
pollution	2
Or	2
guyane	2
environnement	1
d�forestation	1
roman �tranger	3
true crime story	1
libraires	1
inimiti�	1
royaume-uni	1
grande-bretagne	1
historique	7
islam	7
religion	9
Psychoth�rapie	1
syrie	10
bretagne	5
moyen-orient	6
rebondissements	1
magie	6
slow burn	2
loup-garou	1
f�es	1
sorciers	1
cr�atures fantastiques	2
vampires	3
r�cit de voyage	1
navigation	1
seine	2
soignants	1
fin de vie	1
h�pital	2
infirmier	1
mort	4
soins palliatifs	2
litt�rature belge	3
bande dessin�e humour	1
Coccinelles	1
pilotes	1
noir et blanc	1
auteur fran�ais	4
ann�es 70	1
confitures	1
ann�es 60	2
paternit�	3
m�decin	1
humanitaire	1
inde	1
traditions	1
romantisme	2
romance de no�l	3
no�l	11
montagnes	1
peur	3
prostitu�es	1
Miracles	2
terrorisme	1
prostitution	1
litt�rature suisse	1
realisateur	1
acteur	1
les beaux gosses	1
vincent lacoste	1
tournage	1
films	1
nature	1
marguerite	1
chroniques	10
litt�rature  su�doise	5
su�de	3
su�dois	1
litt�rature scandinave	3
employ�s	1
patrons	2
s�duction	1
relation patron-employ�	1
romance contemporaine	4
monde arabe	4
arabe	2
piscines	1
�crivain	1
inspiration	1
anti-h�ros	3
monologue	1
discours	1
droits de la femme	1
portraits	2
courage	2
libert�	2
destin	3
condition de la femme	3
portrait de femme	2
guerre	5
terreur	1
sorci�res	2
heros	1
mythes	1
riordanverse	1
dieux	1
relation m�re-fils	1
nouvelle-orl�ans	1
roman am�ricain	1
am�ricain	1
prix pulitzer	1
roman historique	2
roman autobiographique	1
dictature	4
propagande	1
innocence	1
histoires	2
communisme	1
urss	1
russie	1
suicide	4
sans texte	1
p�cheur	1
bigoud�ne	1
sans paroles	1
p�che	1
cuba	1
rentr�e litt�raire 2020	1
crise existentielle	1
angoisse	1
nostalgie	2
vacances	5
paddle	1
community manager	1
Diab�tiques	1
enemies to lovers	3
groupe	1
c�l�brit�	1
one-shot	3
musiciens	1
new romance	3
fin du monde	1
gastronomie	1
Califat	1
cordoue	1
livres	2
connaissance	1
savoir	1
10e si�cle	1
autodaf�	2
moyen-�ge	2
guide	2
�ducation sexuelle	1
illustrations	1
corps	1
anatomie	1
sexologie	1
sexualit�	3
�rotisme	1
enl�vement	1
pens�es	3
textes	2
caustique	2
encyclop�die	1
dictionnaire	3
non-sense	1
lucidit�	1
new adult	1
universit�	2
�tudiants	1
campus	1
voiture	1
romance universitaire	1
basket-ball	1
thriller fantastique	1
trash	1
anonyme	1
bourbon kid	2
horreur	1
�galit�	1
satirique	1
recueil de pens�es	1
litt�rature sud-am�ricaine	1
roman fantastique	1
cirque	1
th�orie du complot	1
yorkshire	1
traque	1
litt�rature britannique	4
anglais	4
policier anglais	1
jardins	1
bd ados-adultes	3
conqu�te	1
nouveau monde	1
conquistador	1
esclavage	1
litt�rature picaresque	1
colonisation	1
am�rique	1
Eldorado	2
am�rique du sud	1
17�me si�cle	1
jalousie	1
dinosaure	1
filatures	2
cow boys	2
com�die de noel	1
finlande	1
litt�rature  norv�gienne	2
norv�ge	1
dystopie	2
testost�rone	1
�pid�mie	1
patriarcat	1
pand�mies	1
virus	1
machisme	1
virilit�	2
homosexualit�	2
manipulateur	1
emprise	1
relations toxiques	1
pervers narcissique	2
manipulation	1
�ducation	1
trahison	1
plong�e	1
Maldives	2
strips	1
bd am�ricaine	1
tigre	1
imagination	2
b�tise	1
trag�die	1
de capes et d'�p�es	1
pi�ce de theatre	1
19�me si�cle	1
Litt�rature dramatique	2
v�cu	2
espoir	2
generosit�	1
cancer	1
scarification	1
hamster	1
p�dophilie	1
Psychologues	2
relation p�re-fils	1
filles	1
rire	1
guide humoristique	1
belle-famille	1
belles filles	1
com�die familiale	2
relations familiales	1
th�rapies	1
r�gles	1
sociologie	1
adaptation	2
humanit�	1
homo sapiens	2
anthropologie	1
biologie	1
litt�rature isra�lienne	1
histoire militaire	1
Grands-m�res	1
mamie	2
cartes postales	1
relation interg�n�rationnelle	1
lettre	1
terminale	1
avortement	1
neige	2
hiver	1
laponie	1
haine	1
bruxelles	1
marsupilami	1
spirou	1
belgique	1
ann�es 50	1
apr�s-guerre	1
rentr�e litt�raire 2023	1
art	1
sc�nario	1
�quipe	1
extra-terrestres	1
space-opera	1
c�libataire	1
c�libat	1
humour absurde	1
public averti	1
disparition	1
sport	1
adultes	1
hockey	2
fratrie	1
traumatisme	1
maltraitance	1
ecosse	1
litt�rature �cossaise	1
light fantasy	1
dragon	1
litt�rature anglo-saxonne	1
for�ts	1
contes d�tourn�s	1
�cureuils	1
commerce	1
greffe	2
relation enfant-adulte	1
marion	1
cadence infernale	1
roman gigogne	1
roman � tiroirs	2
rentr�e litt�raire 2014	1
libye	1
lybie	1
stage	1
intelligence	1
barbares	1
biographie romanc�e	1
louis xii	1
bouffon	1
pouvoir	1
triboulet	2
France (Fran�ois I)	1
15�me si�cle	1
renaissance	1
16�me si�cle	1
La fabrique des livres anonymes	1
d�ch�ance	1
ehpad	2
