Tag	Target_tag
 roman feuilleton  	cli-fi
 littérature générale  	cli-fi
 roman  	cli-fi
 essai  	cli-fi
 recueil  	cli-fi
 cauchemars  	cli-fi
 littérature cubaine  	cli-fi
littérature cubaine	cli-fi
essai	cli-fi
essai de société	cli-fi
essai philosophique	cli-fi
essai document	cli-fi
 littérature générale  	cli-fi
 roman  	cli-fi
 essai  	cli-fi
 bande dessinée  	cli-fi
 classique  	cli-fi
 littérature maghrebine  	cli-fi
 histoire  	cli-fi
 enfance  	cli-fi
 sexualité  	cli-fi
 roman poétique  	cli-fi
 fées  	cli-fi
 religion  	cli-fi
 islam  	cli-fi
 portrait de femme  	cli-fi
 france  	cli-fi
 littérature franéaise  	cli-fi
 littérature africaine  	cli-fi
 maroc  	cli-fi
 littérature marocaine  	cli-fi
 20éme siécle  	cli-fi
maroc	cli-fi
 roman étranger  	cli-fi
 littérature générale  	cli-fi
 roman  	cli-fi
 Romans et nouvelles de genre  	cli-fi
 nouvelles fantastiques  	cli-fi
 nouvelles  	cli-fi
 romans policiers et polars  	cli-fi
 littérature  	cli-fi
 littérature anglaise  	cli-fi
 littérature britannique  	cli-fi
 20éme siécle  	cli-fi
nouvelles	cli-fi
littérature	cli-fi
thriller	cli-fi
romans policiers et polars	cli-fi
 littérature générale  	cli-fi
 Romans et nouvelles de genre  	cli-fi
 policier franéais  	cli-fi
 romans policiers et polars  	cli-fi
 rrose sélavy  	cli-fi
 centre pompidou  	cli-fi
 marcel duchamp  	cli-fi
 copycat  	cli-fi
 noir  	cli-fi
 polar d'ambiance  	cli-fi
 art  	cli-fi
 Photographes  	cli-fi
 école  	cli-fi
 photographie  	cli-fi
 art moderne  	cli-fi
 france  	cli-fi
 littérature franéaise  	cli-fi
 Paris (France)  	cli-fi
mai 68	cli-fi
symbolique	cli-fi
mai 68	cli-fi
mai 68	cli-fi
romans policiers et polars	cli-fi
littérature	cli-fi
thriller	cli-fi
romans policiers et polars	cli-fi
 Histoire et critique  	cli-fi
 essai  	cli-fi
 Futurisme (musique)  	cli-fi
 avant-garde  	cli-fi
 Son  	cli-fi
 musique expérimentale  	cli-fi
 musique  	cli-fi
 Arts et beaux livres  	cli-fi
 littérature italienne  	cli-fi
 20éme siécle  	cli-fi
Musique	cli-fi
Arts	cli-fi
Musique	cli-fi
Musique	cli-fi
musique	cli-fi
culture générale	cli-fi
littérature	cli-fi
art	cli-fi
musique	cli-fi
peinture	cli-fi
cinema	cli-fi
 aventure  	cli-fi
 fantastique  	cli-fi
 epouvante  	cli-fi
 roman psychologique  	cli-fi
 thriller  	cli-fi
 suspense  	cli-fi
 romans policiers et polars  	cli-fi
 adolescence  	cli-fi
 terreur  	cli-fi
 fantasy et terreur  	cli-fi
 obsessions  	cli-fi
 surnaturel  	cli-fi
 thriller horrifique  	cli-fi
 science-fiction  	cli-fi
 fantastique horreur  	cli-fi
 horreur  	cli-fi
 manipulation  	cli-fi
 paranormal  	cli-fi
 littérature américaine  	cli-fi
Textes divers	cli-fi
Littérature (Belles-lettres)	cli-fi
Littérature américaine en anglais	cli-fi
Textes divers	cli-fi
horreur	cli-fi
 littérature générale  	cli-fi
 de capes et d'épées  	cli-fi
 aventure  	cli-fi
 roman d'aventure  	cli-fi
 roman  	cli-fi
 fantastique  	cli-fi
 historique  	cli-fi
 roman historique  	cli-fi
 histoire  	cli-fi
 romans policiers et polars  	cli-fi
 démons  	cli-fi
 navigation  	cli-fi
 corsaires  	cli-fi
 mer  	cli-fi
 pirates  	cli-fi
 littérature francophone  	cli-fi
 littérature franéaise  	cli-fi
 21éme siécle  	cli-fi
 contemporain  	cli-fi
 17éme siécle  	cli-fi
roman historique	cli-fi
guerre	cli-fi
histoire militaire	cli-fi
histoire	cli-fi
 littérature générale  	cli-fi
 roman  	cli-fi
 autobiographie  	cli-fi
 roman autobiographique  	cli-fi
 autrice  	cli-fi
 enfance  	cli-fi
 école  	cli-fi
 littérature camerounaise  	cli-fi
 femmes  	cli-fi
 roman réaliste  	cli-fi
 famille  	cli-fi
 littérature francophone  	cli-fi
 littérature franéaise  	cli-fi
 franéais  	cli-fi
 afrique  	cli-fi
 littérature africaine  	cli-fi
 cameroun  	cli-fi
 littérature du 21éme siécle  	cli-fi
 littérature du 20éme siécle  	cli-fi
cameroun	cli-fi
afrique	cli-fi
 parascolaire  	cli-fi
 web  	cli-fi
 informatique  	cli-fi
 photos  	cli-fi
informatique	cli-fi
 récits  	cli-fi
 bande dessinée  	cli-fi
 autobiographie  	cli-fi
 biographie  	cli-fi
 témoignage  	cli-fi
 roman graphique  	cli-fi
 enfance  	cli-fi
 culpabilité  	cli-fi
 souvenirs  	cli-fi
 drame  	cli-fi
 traumatisme  	cli-fi
 Colonies de vacances  	cli-fi
 curé  	cli-fi
 pédophilie  	cli-fi
 religion  	cli-fi
 famille  	cli-fi
 littérature franéaise  	cli-fi
 21éme siécle  	cli-fi
 années 70  	cli-fi
 années 80  	cli-fi
pédophilie	cli-fi
 bande dessinée  	cli-fi
 paysages  	cli-fi
 beaux  livres  	cli-fi
 Arts et beaux livres  	cli-fi
 Céte basque (Pyrénées-Atlantiques)  	cli-fi
beaux  livres	cli-fi
bd franco-belge	cli-fi
bande dessinée	cli-fi
bd jeunesse	cli-fi
bd belge	cli-fi
bande dessinée aventure	cli-fi
aventure jeunesse	cli-fi
tintinophile	cli-fi
ligne claire	cli-fi
personnages	cli-fi
Personnages fictifs	cli-fi
 urbanisme  	cli-fi
 Techniques et sciences appliquées  	cli-fi
urbanisme	cli-fi
science	cli-fi
savants	cli-fi
découvertes scientifiques	cli-fi
peintre	cli-fi
Peinture de la Renaissance	cli-fi
leonard de vinci	cli-fi
 littérature jeunesse  	cli-fi
 recettes de cuisine  	cli-fi
recettes de cuisine	cli-fi
gastronomie	cli-fi
littérature	cli-fi
cuisine	cli-fi
 saga  	cli-fi
 récits  	cli-fi
 aventure  	cli-fi
 roman  	cli-fi
 historique  	cli-fi
 roman historique  	cli-fi
 histoire  	cli-fi
 littérature  	cli-fi
 vengeance  	cli-fi
 amitié  	cli-fi
 drame  	cli-fi
 amour  	cli-fi
 romance  	cli-fi
 voyages  	cli-fi
 prostitution  	cli-fi
 littérature étrangére  	cli-fi
 allemagne  	cli-fi
 littérature allemande  	cli-fi
 15éme siécle  	cli-fi
 moyen-age  	cli-fi
roman historique	cli-fi
guerre	cli-fi
histoire militaire	cli-fi
histoire	cli-fi
histoire  	cli-fi
histoire	cli-fi
guerre	cli-fi
histoire militaire	cli-fi
histoire	cli-fi
 art  	cli-fi
 Art et photographie  	cli-fi
 Photographie artistique  	cli-fi
 psychanalyse  	cli-fi
 photographie  	cli-fi
 art contemporain  	cli-fi
 cinema  	cli-fi
Photographie et photographies	cli-fi
Arts	cli-fi
Photographes et photographie	cli-fi
Photographie et photographies	cli-fi
Photographie artistique	cli-fi
Cinéma et littérature	cli-fi
films	cli-fi
adaptation	cli-fi
littérature	cli-fi
cinema	cli-fi
 littérature générale  	cli-fi
 roman  	cli-fi
 Romans et nouvelles de genre  	cli-fi
 romans policiers et polars  	cli-fi
 pseudonyme  	cli-fi
 autrice  	cli-fi
 chambre  	cli-fi
 enquétes  	cli-fi
 littérature francophone  	cli-fi
 littérature franéaise  	cli-fi
romans policiers et polars	cli-fi
littérature	cli-fi
thriller	cli-fi
romans policiers et polars	cli-fi
 littérature jeunesse  	cli-fi
 chinois  	cli-fi
 vietnamien  	cli-fi
chinois	cli-fi
dragon	cli-fi
Astrologie chinoise	cli-fi
signes	cli-fi
signes du zodiaques	cli-fi
chine	cli-fi
culture générale	cli-fi
littérature	cli-fi
cinema	cli-fi
 manga  	cli-fi
 sport  	cli-fi
 shonen  	cli-fi
 football  	cli-fi
football	cli-fi
philosophie	cli-fi
science	cli-fi
bande dessinée	cli-fi
théétre	cli-fi
classique	cli-fi
guerre	cli-fi
cuisine	cli-fi
jeunesse	cli-fi
essai	cli-fi
politique	cli-fi
musique	cli-fi
religion	cli-fi
chick lit	cli-fi
amour	cli-fi
thriller	cli-fi
romans policiers et polars	cli-fi
voyages	cli-fi
cinema	cli-fi
 documentaire  	cli-fi
 littérature jeunesse  	cli-fi
 nature  	cli-fi
nature	cli-fi
essai	cli-fi
essai de société	cli-fi
essai philosophique	cli-fi
essai document	cli-fi
 roman d'aventure  	cli-fi
 aventure  	cli-fi
 roman  	cli-fi
 historique  	cli-fi
 roman historique  	cli-fi
 classique  	cli-fi
 roman d'amour  	cli-fi
 autrice  	cli-fi
 littérature  	cli-fi
 liberté  	cli-fi
 amour  	cli-fi
 romance  	cli-fi
 mer  	cli-fi
 pirates  	cli-fi
 littérature étrangére  	cli-fi
 franéais  	cli-fi
 littérature franéaise  	cli-fi
 littérature anglaise  	cli-fi
 anglais  	cli-fi
 20éme siécle  	cli-fi
roman	cli-fi
 aventure  	cli-fi
 serie  	cli-fi
 saga  	cli-fi
 dystopie  	cli-fi
 fantastique  	cli-fi
 bande dessinée  	cli-fi
 comics  	cli-fi
 apocalypse  	cli-fi
 action  	cli-fi
 extra-terrestres  	cli-fi
 fin du monde  	cli-fi
 espace  	cli-fi
 adapté au cinéma  	cli-fi
 adolescence  	cli-fi
 science-fiction  	cli-fi
 musique  	cli-fi
 super-héros  	cli-fi
 famille  	cli-fi
 animaux  	cli-fi
 littérature américaine  	cli-fi
super-héros	cli-fi
bd franco-belge	cli-fi
bande dessinée	cli-fi
bd jeunesse	cli-fi
bd belge	cli-fi
bande dessinée aventure	cli-fi
aventure jeunesse	cli-fi
tintinophile	cli-fi
ligne claire	cli-fi
personnages	cli-fi
Personnages fictifs	cli-fi
 attentats  	cli-fi
 anglo-saxon  	cli-fi
 élection (2008)  	cli-fi
 républicains  	cli-fi
 contre-terrorisme  	cli-fi
 démocrates  	cli-fi
 george w bush  	cli-fi
 barack obama  	cli-fi
 présidents  	cli-fi
 politique économique  	cli-fi
 Politique et gouvernement  	cli-fi
 terrorisme  	cli-fi
 géopolitique  	cli-fi
 guerres et conflits actuels  	cli-fi
 états-unis  	cli-fi
Conjoncture et conditions politiques	cli-fi
Science politique	cli-fi
Science politique (politique et gouvernement)	cli-fi
Conjoncture et conditions politiques	cli-fi
présidents	cli-fi
culture générale	cli-fi
littérature	cli-fi
écrivain	cli-fi
roman	cli-fi
politique	cli-fi
 littérature générale  	cli-fi
 aventure  	cli-fi
 roman  	cli-fi
 roman historique  	cli-fi
 littérature jeunesse  	cli-fi
 roman d'amour  	cli-fi
 littérature  	cli-fi
 guerre  	cli-fi
 voyages  	cli-fi
 mer  	cli-fi
 meditation  	cli-fi
 pirates  	cli-fi
 france  	cli-fi
 provence  	cli-fi
 littérature anglaise  	cli-fi
 littérature britannique  	cli-fi
 littérature anglo-saxonne  	cli-fi
 grande-bretagne  	cli-fi
 angleterre  	cli-fi
 20éme siécle  	cli-fi
roman	cli-fi
 bande dessinée de genre  	cli-fi
 aventure  	cli-fi
 uchronie  	cli-fi
 anticipation  	cli-fi
 bd franco-belge  	cli-fi
 bande dessinée  	cli-fi
 corbeyran  	cli-fi
 alternative reality  	cli-fi
 utopie  	cli-fi
 complots  	cli-fi
 mystére  	cli-fi
 identité  	cli-fi
 science-fiction  	cli-fi
 voyage dans le temps  	cli-fi
 univers paralléles  	cli-fi
 manipulation  	cli-fi
 littérature franéaise  	cli-fi
bande dessinée	cli-fi
 littérature générale  	cli-fi
 actualités et reportages  	cli-fi
 Aspect social  	cli-fi
 racisme  	cli-fi
 Changement social  	cli-fi
 Individu et société  	cli-fi
 sciences humaines et sociales  	cli-fi
 société  	cli-fi
 mondialisation  	cli-fi
 théorie  	cli-fi
 sciences sociales  	cli-fi
 marxisme  	cli-fi
 terrorisme  	cli-fi
 politique  	cli-fi
 sociologie  	cli-fi
Changements sociaux	cli-fi
Sciences sociales : généralités	cli-fi
Processus sociaux	cli-fi
Changements sociaux	cli-fi
mondialisation	cli-fi
philosophie	cli-fi
philosophes	cli-fi
sociologie	cli-fi
culture générale	cli-fi
cinema	cli-fi
adapté au cinéma	cli-fi
adaptation	cli-fi
littérature	cli-fi
 aventure  	cli-fi
 roman  	cli-fi
 classique  	cli-fi
 biographie  	cli-fi
 témoignage  	cli-fi
 récit de voyage  	cli-fi
 histoire  	cli-fi
 navigation  	cli-fi
 tahiti  	cli-fi
 polynésie  	cli-fi
 exploration  	cli-fi
 Voyages autour du monde  	cli-fi
 voyages  	cli-fi
 science  	cli-fi
 mer  	cli-fi
 france  	cli-fi
 franéais  	cli-fi
 littérature franéaise  	cli-fi
 indonésie  	cli-fi
 18éme siecle  	cli-fi
Voyages autour du monde	cli-fi
Géographie générale. Voyages	cli-fi
Récits de voyages	cli-fi
Voyages autour du monde	cli-fi
récit de voyage	cli-fi
guerre	cli-fi
histoire militaire	cli-fi
histoire	cli-fi
 littérature générale  	cli-fi
 récits  	cli-fi
 chroniques  	cli-fi
 roman  	cli-fi
 essai  	cli-fi
 nouvelles  	cli-fi
 classique  	cli-fi
 biographie  	cli-fi
 fin-de-siécle  	cli-fi
 vie  	cli-fi
 légendes  	cli-fi
 contes  	cli-fi
 psy  	cli-fi
 amour  	cli-fi
 antiquité  	cli-fi
 philosophie  	cli-fi
 littérature étrangére  	cli-fi
 france  	cli-fi
 littérature franéaise  	cli-fi
 19éme siécle  	cli-fi
nouvelles	cli-fi
suicide	cli-fi
biographie	cli-fi
littérature	cli-fi
 littérature jeunesse  	cli-fi
 langage  	cli-fi
 albums animés  	cli-fi
 livre é toucher  	cli-fi
 0-3 ans  	cli-fi
 animaux de compagnie  	cli-fi
livre é toucher	cli-fi
jeunesse	cli-fi
littérature jeunesse	cli-fi
enfants	cli-fi
 biographie  	cli-fi
 histoire  	cli-fi
 émigration et immigration  	cli-fi
 sciences humaines et sociales  	cli-fi
 immigration  	cli-fi
 Migrations  	cli-fi
 étrangers  	cli-fi
 histoire générale  	cli-fi
 histoire du mouvement ouvrier  	cli-fi
 sciences sociales  	cli-fi
 historiographie  	cli-fi
 économie  	cli-fi
 sociologie  	cli-fi
 france  	cli-fi
 20éme siécle  	cli-fi
 19éme siécle  	cli-fi
Mouvements de population. Migrations	cli-fi
Sciences sociales : généralités	cli-fi
Influence des facteurs naturels sur les processus sociaux	cli-fi
Mouvements de population. Migrations	cli-fi
étrangers	cli-fi
guerre	cli-fi
histoire militaire	cli-fi
histoire	cli-fi
 littérature générale  	cli-fi
 roman  	cli-fi
Littérature néerlandaise	cli-fi
Littérature des langues germaniques. Allemand	cli-fi
Autres littératures germaniques	cli-fi
Littérature néerlandaise	cli-fi
roman	cli-fi
 littérature générale  	cli-fi
 Romans et nouvelles de genre  	cli-fi
 nouvelles  	cli-fi
 romans policiers et polars  	cli-fi
 prisons  	cli-fi
 racisme  	cli-fi
 afro-américains  	cli-fi
 littérature américaine  	cli-fi
romans policiers et polars	cli-fi
 littérature générale  	cli-fi
 biographie  	cli-fi
 histoire  	cli-fi
 guide  	cli-fi
 art  	cli-fi
 catalogne  	cli-fi
 Moeurs et coutumes  	cli-fi
 voyages  	cli-fi
 Ibérique  	cli-fi
 europe  	cli-fi
 barcelone  	cli-fi
 espagne  	cli-fi
Histoire de l'Espagne	cli-fi
Histoire, géographie, sciences auxiliaires de l'histoire	cli-fi
Histoire de l'Europe	cli-fi
Histoire de l'Espagne	cli-fi
barcelone	cli-fi
 bande dessinée de genre  	cli-fi
 bande dessinée humour  	cli-fi
 bd adulte  	cli-fi
 bande dessinée  	cli-fi
 sport  	cli-fi
 moto  	cli-fi
 bar  	cli-fi
 motard  	cli-fi
 gags  	cli-fi
 amitié  	cli-fi
 motos  	cli-fi
 copains  	cli-fi
 planche  	cli-fi
 passion  	cli-fi
 Vitesse  	cli-fi
 chéteaux  	cli-fi
 humour  	cli-fi
 dessins  	cli-fi
 littérature franéaise  	cli-fi
bande dessinée	cli-fi
bd franco-belge	cli-fi
bande dessinée	cli-fi
bd jeunesse	cli-fi
bd belge	cli-fi
bande dessinée aventure	cli-fi
aventure jeunesse	cli-fi
tintinophile	cli-fi
ligne claire	cli-fi
personnages	cli-fi
Personnages fictifs	cli-fi
 littérature générale  	cli-fi
 journal  	cli-fi
 roman  	cli-fi
 nouvelles  	cli-fi
 classique  	cli-fi
 biographie  	cli-fi
 autobiographie  	cli-fi
 récit de voyage  	cli-fi
 bouvard et pécuchet  	cli-fi
 trains  	cli-fi
 littérature  	cli-fi
 essai littéraire  	cli-fi
 egypte  	cli-fi
 egyptologie  	cli-fi
 voyages  	cli-fi
 prostitution  	cli-fi
 littérature francophone  	cli-fi
 littérature franéaise  	cli-fi
 19éme siécle  	cli-fi
récit de voyage	cli-fi
 documentaire  	cli-fi
 littérature jeunesse  	cli-fi
 insectes  	cli-fi
 faune  	cli-fi
documentaire	cli-fi
essai	cli-fi
essai de société	cli-fi
essai philosophique	cli-fi
essai document	cli-fi
 strips  	cli-fi
 bd jeunesse  	cli-fi
 bande dessinée  	cli-fi
 littérature jeunesse  	cli-fi
 jeunesse  	cli-fi
 enfants  	cli-fi
 cynisme  	cli-fi
 enfance  	cli-fi
 état du monde  	cli-fi
 société  	cli-fi
 editeur  	cli-fi
 humour  	cli-fi
 politique  	cli-fi
 famille  	cli-fi
 littérature sud-américaine  	cli-fi
 sociologie  	cli-fi
 littérature étrangére  	cli-fi
 littérature argentine  	cli-fi
 argentine  	cli-fi
 20éme siécle  	cli-fi
Romans, contes, nouvelles	cli-fi
Littérature (Belles-lettres)	cli-fi
Littérature espagnole et portugaise	cli-fi
Romans, contes, nouvelles	cli-fi
bande dessinée	cli-fi
 journal  	cli-fi
 roman  	cli-fi
 essai  	cli-fi
 biographie  	cli-fi
 autobiographie  	cli-fi
 art  	cli-fi
 roman sur l'art  	cli-fi
 génie artiste  	cli-fi
 littérature  	cli-fi
 catalogne  	cli-fi
 folie  	cli-fi
 surréalisme  	cli-fi
 psychanalyse  	cli-fi
 peintre  	cli-fi
 peinture  	cli-fi
 littérature étrangére  	cli-fi
 littérature hispanique  	cli-fi
 littérature espagnole  	cli-fi
 espagne  	cli-fi
 20éme siécle  	cli-fi
Biographie: artistes et sportifs	cli-fi
Histoire, géographie, sciences auxiliaires de l'histoire	cli-fi
Biographie générale et généalogie	cli-fi
Biographie: artistes et sportifs	cli-fi
surréalisme	cli-fi
culture générale	cli-fi
littérature	cli-fi
art	cli-fi
musique	cli-fi
peinture	cli-fi
cinema	cli-fi
 science-fiction  	cli-fi
science-fiction	cli-fi
science-fiction	cli-fi
 fantastique  	cli-fi
 bande dessinée  	cli-fi
 histoire  	cli-fi
 romantisme  	cli-fi
 anges  	cli-fi
 chéteaux  	cli-fi
 science-fiction  	cli-fi
 littérature belge  	cli-fi
 belge  	cli-fi
bande dessinée	cli-fi
bd franco-belge	cli-fi
bande dessinée	cli-fi
bd jeunesse	cli-fi
bd belge	cli-fi
bande dessinée aventure	cli-fi
aventure jeunesse	cli-fi
tintinophile	cli-fi
ligne claire	cli-fi
personnages	cli-fi
Personnages fictifs	cli-fi
 littérature générale  	cli-fi
 saga  	cli-fi
 roman d'aventure  	cli-fi
 roman  	cli-fi
 roman historique  	cli-fi
 historique  	cli-fi
 histoire  	cli-fi
 littérature  	cli-fi
 guy rachet  	cli-fi
 pharaon  	cli-fi
 civilisation  	cli-fi
 histoire générale  	cli-fi
 pyramides  	cli-fi
 egypte ancienne  	cli-fi
 egypte  	cli-fi
 antiquité  	cli-fi
 histoire antique  	cli-fi
 architecture  	cli-fi
 littérature franéaise  	cli-fi
 20éme siécle  	cli-fi
egypte	cli-fi
guerre	cli-fi
histoire militaire	cli-fi
histoire	cli-fi
 roman  	cli-fi
 comédie  	cli-fi
 théétre  	cli-fi
 classique  	cli-fi
 jeunesse  	cli-fi
 littérature  	cli-fi
 adapté au cinéma  	cli-fi
 cocu  	cli-fi
 passion  	cli-fi
 humour  	cli-fi
 amour  	cli-fi
 cinema  	cli-fi
 adultére  	cli-fi
 couple  	cli-fi
 terroir  	cli-fi
 france  	cli-fi
 littérature franéaise  	cli-fi
 littérature francophone  	cli-fi
 provence  	cli-fi
 20éme siécle  	cli-fi
Scénarios, scripts, critiques	cli-fi
Cinéma, radio, télévision	cli-fi
Cinéma	cli-fi
Scénarios, scripts, critiques	cli-fi
provence	cli-fi
 aventure  	cli-fi
 roman  	cli-fi
 fantastique  	cli-fi
 roman historique  	cli-fi
 théétre  	cli-fi
 nouvelles  	cli-fi
 classique  	cli-fi
 histoire  	cli-fi
 suspense  	cli-fi
 mort  	cli-fi
 révolution  	cli-fi
 humour  	cli-fi
 amour  	cli-fi
 france  	cli-fi
 littérature franéaise  	cli-fi
 franéais  	cli-fi
 auteur franéais  	cli-fi
 Paris (France)  	cli-fi
 18éme siecle  	cli-fi
 19éme siécle  	cli-fi
classique	cli-fi
 littérature générale  	cli-fi
 journal  	cli-fi
 documentaire  	cli-fi
 poésie  	cli-fi
 biographie  	cli-fi
 témoignage  	cli-fi
 carnets de voyage  	cli-fi
 histoire  	cli-fi
 art  	cli-fi
 Photographes  	cli-fi
 Photographie en noir et blanc  	cli-fi
 éditions seuil  	cli-fi
 collection points  	cli-fi
 société  	cli-fi
 voyageur  	cli-fi
 photos  	cli-fi
 photographie  	cli-fi
 voyages  	cli-fi
 21éme siécle  	cli-fi
photographie	cli-fi
littérature	cli-fi
voyages	cli-fi
voyage en italie	cli-fi
 Répertoires  	cli-fi
 guide de voyage  	cli-fi
 hétel  	cli-fi
 régions  	cli-fi
 restaurant  	cli-fi
 voyages  	cli-fi
 france  	cli-fi
restaurant	cli-fi
littérature	cli-fi
voyages	cli-fi
voyage en italie	cli-fi
 bande dessinée de genre  	cli-fi
 bande dessinée  	cli-fi
 nature  	cli-fi
 foréts  	cli-fi
 air  	cli-fi
 humour  	cli-fi
 france  	cli-fi
 franéais  	cli-fi
air	cli-fi
bd franco-belge	cli-fi
bande dessinée	cli-fi
bd jeunesse	cli-fi
bd belge	cli-fi
bande dessinée aventure	cli-fi
aventure jeunesse	cli-fi
tintinophile	cli-fi
ligne claire	cli-fi
personnages	cli-fi
Personnages fictifs	cli-fi
 roman étranger  	cli-fi
 littérature générale  	cli-fi
 roman  	cli-fi
 introspection  	cli-fi
 littérature étrangére  	cli-fi
 littérature autrichienne  	cli-fi
 littérature allemande  	cli-fi
 littérature contemporaine  	cli-fi
Romans, contes, nouvelles	cli-fi
Littérature (Belles-lettres)	cli-fi
Littérature des langues germaniques. Allemand	cli-fi
Romans, contes, nouvelles	cli-fi
littérature autrichienne	cli-fi
littérature allemande	cli-fi
guerre mondiale	cli-fi
allemagne	cli-fi
 roman  	cli-fi
 classique  	cli-fi
 enquéte policiére  	cli-fi
 suspense  	cli-fi
 romans policiers et polars  	cli-fi
 autrice  	cli-fi
 hercule poirot  	cli-fi
 enquétes  	cli-fi
 drogue  	cli-fi
 détective  	cli-fi
 crime  	cli-fi
 meurtre  	cli-fi
 littérature britannique  	cli-fi
 littérature anglaise  	cli-fi
 littérature anglo-saxonne  	cli-fi
 londres  	cli-fi
 angleterre  	cli-fi
 anglais  	cli-fi
 policier anglais  	cli-fi
 20éme siécle  	cli-fi
romans policiers et polars	cli-fi
 manga  	cli-fi
 littérature jeunesse  	cli-fi
 shonen  	cli-fi
manga	cli-fi
 aventure  	cli-fi
 bande dessinée de genre  	cli-fi
 anticipation  	cli-fi
 bd adulte  	cli-fi
 bande dessinée  	cli-fi
 voyage spatial  	cli-fi
 marazano  	cli-fi
 ponzio  	cli-fi
 espace  	cli-fi
 mystére  	cli-fi
 paradoxe temporel  	cli-fi
 science-fiction  	cli-fi
 voyage dans le temps  	cli-fi
 bd science fiction  	cli-fi
 voyages  	cli-fi
 auteur franéais  	cli-fi
bande dessinée	cli-fi
 littérature générale  	cli-fi
 roman  	cli-fi
 roman historique  	cli-fi
 saga familiale  	cli-fi
 histoire  	cli-fi
 littérature régionale  	cli-fi
 émigration espagnole  	cli-fi
 mines  	cli-fi
 misére  	cli-fi
 immigration  	cli-fi
 bourgeoisie  	cli-fi
 révolte  	cli-fi
 guerre  	cli-fi
 famille  	cli-fi
 terroir  	cli-fi
 roman du terroir  	cli-fi
 Aveyron (France)  	cli-fi
 littérature franéaise  	cli-fi
 franéais  	cli-fi
 20éme siécle  	cli-fi
Aveyron (France)	cli-fi
provence	cli-fi
littérature régionale	cli-fi
marseille	cli-fi
 biographie  	cli-fi
 critique littéraire  	cli-fi
 histoire de la litterature  	cli-fi
 littérature franéaise  	cli-fi
 19éme siécle  	cli-fi
biographie	cli-fi
 Aspect symbolique  	cli-fi
 arbres  	cli-fi
 divination  	cli-fi
 celtes  	cli-fi
 Magie celtique  	cli-fi
 irlande  	cli-fi
Magie celtique	cli-fi
fétes	cli-fi
irlandais	cli-fi
irlande	cli-fi
biére	cli-fi
bar	cli-fi
 tziganes  	cli-fi
 Statut juridique  	cli-fi
 Droits de l'homme (droit international)  	cli-fi
 Droit général  	cli-fi
 droit  	cli-fi
 gens du voyage  	cli-fi
 droits  	cli-fi
 europe  	cli-fi
Des groupes raciaux, ethniques, nationaux	cli-fi
Droits civils et politiques	cli-fi
Des groupes minoritaires	cli-fi
Des groupes raciaux, ethniques, nationaux	cli-fi
droits	cli-fi
romans policiers et polars	cli-fi
humour	cli-fi
chaos	cli-fi
karma	cli-fi
philosophie	cli-fi
science	cli-fi
bande dessinée	cli-fi
théétre	cli-fi
classique	cli-fi
guerre	cli-fi
cuisine	cli-fi
jeunesse	cli-fi
essai	cli-fi
politique	cli-fi
musique	cli-fi
religion	cli-fi
chick lit	cli-fi
amour	cli-fi
thriller	cli-fi
romans policiers et polars	cli-fi
voyages	cli-fi
cinema	cli-fi
 espace  	cli-fi
 photos  	cli-fi
 Arts et beaux livres  	cli-fi
 photographie  	cli-fi
photographie	cli-fi
 thérapies  	cli-fi
 sciences humaines et sociales  	cli-fi
 psychologie  	cli-fi
 Psychothérapie bréve  	cli-fi
Troubles psychiatriques	cli-fi
Maladies	cli-fi
Maladies du systéme nerveux. Troubles psychiques	cli-fi
Troubles psychiatriques	cli-fi
Psychothérapie bréve	cli-fi
psychologie	cli-fi
psychanalyse	cli-fi
sciences humaines	cli-fi
